[
  {
    "id": 1,
    "dwelling": 3,
    "bedrooms": 4,
    "bathrooms": 5,
    "sqrft": 2655,
    "price": 870000,
    "year": 2013,
    "neighbornumber": 3,
    "neighborhoods_name": "Saddleridge"
  },
  {
    "id": 2,
    "dwelling": 3,
    "bedrooms": 4,
    "bathrooms": 3,
    "sqrft": 2689,
    "price": 869900,
    "neighbornumber": 3,
    "neighborhoods_name": "Taradale",
    "year": 2020
  },
  {
    "id": 3,
    "dwelling": 2,
    "bedrooms": 2,
    "bathrooms": 2,
    "sqrft": 886,
    "price": 300000,
    "neighbornumber": 1,
    "neighborhoods_name": "a",
    "year": 2014
  },
  {
    "id": 4,
    "dwelling": 4,
    "bedrooms": 3,
    "bathrooms": 4,
    "sqrft": 1567,
    "price": 799900,
    "neighbornumber": 1,
    "neighborhoods_name": "a",
    "year": 2019
  },
  {
    "id": 5,
    "dwelling": 1,
    "bedrooms": 2,
    "bathrooms": 2,
    "sqrft": 1015,
    "price": 350000,
    "neighbornumber": 1,
    "neighborhoods_name": "a",
    "year": 2009
  },
  {
    "id": 6,
    "dwelling": 3,
    "bedrooms": 3,
    "bathrooms": 1,
    "sqrft": 1014,
    "price": 329900,
    "neighbornumber": 1,
    "neighborhoods_name": "a",
    "year": 2014
  },
  {
    "id": 7,
    "dwelling": 3,
    "bedrooms": 4,
    "bathrooms": 5,
    "sqrft": 2862,
    "price": 900000,
    "neighbornumber": 3,
    "neighborhoods_name": "Saddleridge",
    "year": 1991
  },
  {
    "id": 8,
    "dwelling": 3,
    "bedrooms": 4,
    "bathrooms": 4,
    "sqrft": 2740,
    "price": 899900,
    "neighbornumber": 3,
    "neighborhoods_name": "Saddleridge",
    "year": 2018
  },
  {
    "id": 9,
    "dwelling": 3,
    "bedrooms": 4,
    "bathrooms": 3,
    "sqrft": 2878,
    "price": 824900,
    "neighbornumber": 3,
    "neighborhoods_name": "Taradale",
    "year": 2019
  },
  {
    "id": 10,
    "dwelling": 3,
    "bedrooms": 4,
    "bathrooms": 4,
    "sqrft": 2475,
    "price": 800000,
    "neighbornumber": 3,
    "neighborhoods_name": "Taradale",
    "year": 2019
  },
  {
    "id": 11,
    "dwelling": 1,
    "bedrooms": 3,
    "bathrooms": 2,
    "sqrft": 1034,
    "price": 315000,
    "neighbornumber": 1,
    "neighborhoods_name": "a",
    "year": 2011
  },
  {
    "id": 12,
    "dwelling": 1,
    "bedrooms": 1,
    "bathrooms": 2,
    "sqrft": 897,
    "price": 367000,
    "neighbornumber": 1,
    "neighborhoods_name": "a",
    "year": 2013
  },
  {
    "id": 13,
    "dwelling": 1,
    "bedrooms": 2,
    "bathrooms": 2,
    "sqrft": 1156,
    "price": 340000,
    "neighbornumber": 1,
    "neighborhoods_name": "a",
    "year": 2009
  },
  {
    "id": 14,
    "dwelling": 2,
    "bedrooms": 2,
    "bathrooms": 2,
    "sqrft": 967,
    "price": 270000,
    "neighbornumber": 1,
    "neighborhoods_name": "a",
    "year": 2012
  },
  {
    "id": 15,
    "dwelling": 2,
    "bedrooms": 2,
    "bathrooms": 2,
    "sqrft": 1129,
    "price": 320000,
    "neighbornumber": 1,
    "neighborhoods_name": "a",
    "year": 2016
  },
  {
    "id": 16,
    "dwelling": 2,
    "bedrooms": 2,
    "bathrooms": 1,
    "sqrft": 1243,
    "price": 325000,
    "neighbornumber": 1,
    "neighborhoods_name": "a",
    "year": 2018
  },
  {
    "id": 17,
    "dwelling": 4,
    "bedrooms": 4,
    "bathrooms": 4,
    "sqrft": 1457,
    "price": 829900,
    "neighbornumber": 1,
    "neighborhoods_name": "a",
    "year": 2020
  },
  {
    "id": 18,
    "dwelling": 4,
    "bedrooms": 3,
    "bathrooms": 4,
    "sqrft": 1895,
    "price": 850000,
    "neighbornumber": 1,
    "neighborhoods_name": "a",
    "year": 2016
  },
  {
    "id": 19,
    "dwelling": 4,
    "bedrooms": 4,
    "bathrooms": 5,
    "sqrft": 2178,
    "price": 900000,
    "neighbornumber": 1,
    "neighborhoods_name": "a",
    "year": 2019
  }
]
