[
  {
    "id": 1,
    "dwelling": 3,
    "bedrooms": 4,
    "bathrooms": 5,
    "sqrft": 2655,
    "price": 870000,
    "year": 2013,
    "neighbornumber": 3,
    "neighborhoods_name": "Saddleridge"
  },
  {
    "id": 2,
    "dwelling": 3,
    "bedrooms": 4,
    "bathrooms": 3,
    "sqrft": 2689,
    "price": 869900,
    "neighbornumber": 3,
    "neighborhoods_name": "Taradale",
    "year": 2020
  },
  {
    "id": 3,
    "dwelling": 2,
    "bedrooms": 2,
    "bathrooms": 2,
    "sqrft": 886,
    "price": 300000,
    "neighbornumber": 1,
    "neighborhoods_name": "a",
    "year": 2014
  },
  {
    "id": 4,
    "dwelling": 4,
    "bedrooms": 3,
    "bathrooms": 4,
    "sqrft": 1567,
    "price": 799900,
    "neighbornumber": 1,
    "neighborhoods_name": "a",
    "year": 2019
  },
  {
    "id": 5,
    "dwelling": 1,
    "bedrooms": 2,
    "bathrooms": 2,
    "sqrft": 1015,
    "price": 350000,
    "neighbornumber": 1,
    "neighborhoods_name": "a",
    "year": 2009
  },
  {
    "id": 6,
    "dwelling": 3,
    "bedrooms": 3,
    "bathrooms": 1,
    "sqrft": 1014,
    "price": 329900,
    "neighbornumber": 1,
    "neighborhoods_name": "a",
    "year": 2014
  }
]
